{
  "dimension1": {
    "stdlib json.loads": {
      "ok": 6,
      "errors": 34,
      "total": 40,
      "rate": 15.0,
      "avg_ms": 0.0032025001019064803,
      "p50_ms": 0.002450000465614721
    },
    "json-repair (HF)": {
      "ok": 36,
      "errors": 4,
      "total": 40,
      "rate": 90.0,
      "avg_ms": 0.014357499912875937,
      "p50_ms": 0.013199998647905886
    },
    "json5": {
      "ok": 20,
      "errors": 20,
      "total": 40,
      "rate": 50.0,
      "avg_ms": 0.2983599998515274,
      "p50_ms": 0.2764999990176875
    },
    "json-repair-python": {
      "ok": 36,
      "errors": 4,
      "total": 40,
      "rate": 90.0,
      "avg_ms": 0.020672499886131845,
      "p50_ms": 0.020349998521851376
    },
    "DeepSeekToolkit": {
      "ok": 38,
      "errors": 2,
      "total": 40,
      "rate": 95.0,
      "avg_ms": 0.02131750034095603,
      "p50_ms": 0.015449999409611337
    },
    "Manual regex": {
      "ok": 28,
      "errors": 12,
      "total": 40,
      "rate": 70.0,
      "avg_ms": 0.007412500235659536,
      "p50_ms": 0.004399998942972161
    }
  },
  "dimension2": {
    "DeepSeekToolkit": {
      "accuracy": 100.0,
      "avg_latency": 2671.110583332696,
      "crashes": 0
    },
    "LangChain+LangGraph": {
      "accuracy": 100.0,
      "avg_latency": 3054.741362500257,
      "crashes": 0
    },
    "OpenAI SDK (raw)": {
      "accuracy": 100.0,
      "avg_latency": 1287.2180458334697,
      "crashes": 0
    },
    "CrewAI": {
      "accuracy": 0.0,
      "avg_latency": 2835.7525625004505,
      "crashes": 0
    }
  },
  "dimension3": {
    "DeepSeekToolkit": 80.35714285714286,
    "LangChain/LangGraph": 30.357142857142854,
    "CrewAI": 26.785714285714285,
    "AutoGen (AG2)": 25.0,
    "OpenAI Agents SDK": 28.57142857142857,
    "PydanticAI": 28.57142857142857,
    "SmolAgents (HF)": 14.285714285714285,
    "Mirascope": 25.0,
    "Haystack": 19.642857142857142,
    "Dify (low-code)": 19.642857142857142,
    "MetaGPT": 21.428571428571427
  },
  "dimension4": {
    "FM1: Content-field tool calls": {
      "detected": true,
      "extracted_args": {
        "city": "北京"
      },
      "verdict": "✅ Handled"
    },
    "FM2: Single-quote args": {
      "ok": true,
      "result": {
        "city": "杭州",
        "temperature": 25,
        "condition": "晴",
        "humidity": 45,
        "unit": "celsius"
      },
      "verdict": "✅ Repaired"
    },
    "FM3: Trailing comma": {
      "ok": true,
      "result": 8,
      "verdict": "✅ Repaired"
    },
    "FM4: Markdown block": {
      "ok": true,
      "result": {
        "city": "上海",
        "temperature": 28,
        "condition": "小雨",
        "humidity": 80,
        "unit": "celsius"
      },
      "verdict": "✅ Repaired"
    },
    "FM5: Type coercion": {
      "ok": true,
      "result": 100,
      "verdict": "✅ Coerced"
    },
    "FM6: Multi-tool selection": {
      "ok": true,
      "verdict": "✅ 2/2 correct"
    }
  },
  "dimension5": {
    "DeepSeekToolkit": 11,
    "LangChain/LangGraph": 16,
    "OpenAI SDK (raw)": 21,
    "CrewAI": 27
  }
}