{
  "plan_solve_length": 1076,
  "reflect_length": 172,
  "plan_cost": 0.0031006799999999998,
  "reflect_cost": 0.00116754
}