{
  "tasks": 8,
  "cost": 0.0038019000000000004,
  "latency": 45.66874814033508,
  "output_len": 588
}